{
	"format_version": "1.8.0",
	"animations": {
		"animation.model.walk": {
			"loop": true,
			"animation_length": 1.66667,
			"bones": {
				"root": {
					"rotation": {
						"0.0": [0, 0, 0],
						"0.4167": [-10, 0, 0],
						"0.8333": [0, 0, 0],
						"1.25": [-10, 0, 0],
						"1.6667": [0, 0, 0]
					},
					"position": {
						"0.0": [0, 0, 0],
						"0.4167": [0, -2, 3],
						"0.8333": [0, 0, 0],
						"1.25": [0, -2, 3],
						"1.6667": [0, 0, 0]
					}
				},
				"body": {
					"rotation": {
						"0.0": [-10, 0, 0],
						"0.4167": [0, 0, 0],
						"0.8333": [-10, 0, 0],
						"1.25": [0, 0, 0],
						"1.6667": [-10, 0, 0]
					}
				},
				"body_upper": {
					"rotation": {
						"0.0": [0, 0, 0],
						"0.4167": [-1.75378, -9.84655, 10.15108],
						"0.8333": [0, 0, 0],
						"1.25": [-1.31845, 9.91358, -7.61435],
						"1.6667": [0, 0, 0]
					}
				},
				"right_arm": {
					"rotation": {
						"0.0": [0, 0, 0],
						"0.4167": [40, 0, 0],
						"0.8333": [0, 0, 0],
						"1.25": [-35, 0, 0],
						"1.6667": [0, 0, 0]
					}
				},
				"right_arm_sub": {
					"rotation": {
						"0.0": [0, 0, 0],
						"0.4167": [40, 0, 0],
						"0.8333": [0, 0, 0],
						"1.25": [-22.5, 0, 0],
						"1.6667": [0, 0, 0]
					}
				},
				"left_arm": {
					"rotation": {
						"0.0": [0, 0, 0],
						"0.4167": [-35, 0, 0],
						"0.8333": [0, 0, 0],
						"1.25": [40, 0, 0],
						"1.6667": [0, 0, 0]
					}
				},
				"left_arm_sub": {
					"rotation": {
						"0.0": [0, 0, 0],
						"0.4167": [-22.5, 0, 0],
						"0.8333": [0, 0, 0],
						"1.25": [40, 0, 0],
						"1.6667": [0, 0, 0]
					}
				},
				"right_leg": {
					"rotation": {
						"0.0": [0, 0, 0],
						"0.4167": [-10, 0, 0],
						"0.8333": [0, 0, 0],
						"1.25": [59.61874, -8.64917, 5.03837],
						"1.6667": [0, 0, 0]
					}
				},
				"right_leg_sub": {
					"rotation": {
						"0.0": [0, 0, 0],
						"0.4167": [-25, 0, 0],
						"0.8333": [0, 0, 0],
						"1.25": [-45, 0, 0],
						"1.5417": [0, 0, 0],
						"1.6667": [0, 0, 0]
					}
				},
				"left_leg": {
					"rotation": {
						"0.0": [0, 0, 0],
						"0.4167": [59.61874, 8.64917, -5.03837],
						"0.8333": [0, 0, 0],
						"1.25": [-10, 0, 0],
						"1.6667": [0, 0, 0]
					}
				},
				"left_leg_sub": {
					"rotation": {
						"0.0": [0, 0, 0],
						"0.4167": [-45, 0, 0],
						"0.7083": [0, 0, 0],
						"0.8333": [0, 0, 0],
						"1.25": [-25, 0, 0],
						"1.6667": [0, 0, 0]
					}
				}
			}
		}
	},
	"geckolib_format_version": 2
}